dataset,method,energy_distance_mean,energy_distance_std,energy_centered_mean,energy_centered_std,gauss_w2_mean_mean,gauss_w2_mean_std,gauss_w2_cov_mean,gauss_w2_cov_std,mean_shift_l2_mean,mean_shift_l2_std,var_ratio_mean,var_ratio_std,energy_ae_floor_mean,energy_ae_floor_std,energy_minus_ae_floor_mean,energy_minus_ae_floor_std,mean_marginal_w1_mean,mean_marginal_w1_std,mmd_mean,mmd_std,ot_sinkhorn_mean,ot_sinkhorn_std
GSE141259,scvelo_official,2.0465961247669155,0.17455781398516593,0.262162423132312,0.017878050279549078,52.32822990965576,5.157861022467513,108.2894098895029,17.503691072116514,6.752517461776733,0.3704279369135908,1.4849957035687604,0.13835906906513445,5.977251756523043,0.2091678235077846,-3.930655631756128,0.3651536837933903,0.8075454619878933,0.026097704355024853,0.01577848397816215,0.0011821224315310234,222.95387268066406,16.894434707052582
GSE141259,wot_official,2.2222620898465046,0.03491342922558493,0.760954314098166,0.0194629393507206,35.730547537378364,1.2335817474009199,51.015382845307194,2.1782676411211788,5.915499607721965,0.0751547616568764,0.7331226218279757,0.00731309316081695,5.977251756523043,0.2091678235077846,-3.7549896666765386,0.1750014833693362,0.756226064436556,0.01386885125640518,0.03832175132508075,0.0005841249077925988,130.3736572265625,0.3187507352518459
GSE141259,our_model,6.187884841816504,0.4376309978384002,2.949350088243369,0.14345031434264038,75.88545536870309,6.677109881931243,270.814277179116,7.157779255585371,8.696697076161703,0.38046619686887084,1.2088534055228035,0.044251323282377616,5.977251756523043,0.2091678235077846,0.21063308529346028,0.53660668441627,1.4716826482870238,0.027583694805461637,0.22003817558288574,0.014336190534021324,196.48314158121744,3.1371675505578294
GSE155622,our_model,3.0828848738216625,0.01834001351597984,1.9448109192588436,0.04069679152309039,30.330270450158554,1.0333994089043144,201.84634323165935,2.5521072912070997,5.4995317459106445,0.08522262825462576,1.146051438037107,0.026554083717570686,2.7955823218261266,0.07172281837973658,0.2873025519955359,0.06314938649950469,1.1703279455813114,0.009511504422981302,0.14860786249240235,0.0011552484646113275,138.97668965657553,1.0019034354634233
GSE155622,wot_official,6.045821230957512,0.4973179864029353,0.34805070333016924,0.04942468126390997,152.5681128665085,16.758779230682297,64.62428731051891,8.572269554789893,12.040710926055908,0.6125709775165158,0.76279017108665,0.024092894726662806,2.7955823218261266,0.07172281837973658,3.250238909131385,0.5531243170348795,0.9950235972792764,0.0318243476031739,0.04965023572246232,0.0018277872436615792,172.0251922607422,13.82486215582233
GSE155622,scvelo_official,41.243301049822854,2.6554716579117756,18.160322872940664,1.30454581362381,3107.7510485249386,265.5593439951301,10979.237836612825,1079.865687716693,45.185234228769936,1.8110861111169185,32.265294623383525,2.54352312527228,2.7955823218261266,0.07172281837973658,38.44771872799672,2.594689357224914,7.796091261909273,0.3038599882962154,0.050434608943760346,0.0027780557902044286,7605.420435587565,653.0065739253326
HGSOC,scvelo_official,2.628708109427984,0.1789246956608375,1.016109492200716,0.0489978035243769,54.11342235408398,4.7753543239819365,110.68259245949605,6.74672561516046,7.351484457651774,0.3219852063641372,0.981232820599089,0.022153240689689907,13.661889066382448,0.15378379110367082,-11.033180956954466,0.29731580111332423,0.7996802119650052,0.0365420747750983,0.029906487713257435,0.00120626298808632,167.4891103108724,6.315692159487808
HGSOC,wot_official,4.878660810709793,0.20673708123876752,2.1565753498424307,0.04258009006532964,91.09996044079593,6.1685567324424895,111.25960178935429,2.33218339352301,9.540930112202963,0.32552109506777954,0.6342309259854173,0.010556834056450385,13.661889066382448,0.15378379110367082,-8.783228255672656,0.23490084101335024,0.9859071265885678,0.02929431489591701,0.0643141244848569,0.0013998129332758388,162.96075439453125,3.4672604316750664
HGSOC,our_model,14.98017561934384,0.3222035495869624,8.54058819673249,0.1636408480828672,156.03881358955002,5.000856655432804,366.392973593237,2.9621938787315707,12.490477561950684,0.20049672854241143,0.1403087740183578,0.004167300982380475,13.661889066382448,0.15378379110367082,1.3182865529613927,0.3252786473572841,2.2476751452534813,0.028635659692889923,0.515947143236796,0.009378263594667504,263.20294189453125,3.8732979284802487
