parent,formal_parent,src,dst,n_src,n_dst,graph_action,delta_U_rel,delta_U0,barrier_U_rel,direction,path_n_nodes,path_frac_src,path_frac_dst,path_frac_other,src_peak_day,dst_peak_day,transfer_proxy,composition,reverse_action,action_ratio,reversible,keep,keep_reason
alv_epithelium,Alveolar epithelium,AT2 cells,Activated AT2 cells,2711,788,0.3748043293417347,0.663855628541772,0.00022720963788874782,1.1062097596038045,climb,37,0.8648648648648649,0.08108108108108109,0.054054054054054,0.0,7.0,0.3621652293185864,strong,0.3713788150672842,0.9908605263939786,True,True,mst+local_cheap
alv_epithelium,Alveolar epithelium,AT2 cells,Krt8 ADI,2711,700,0.7628471768940043,0.780571110780429,0.0002671563993761894,1.8479206169955869,climb,57,0.6666666666666666,0.17543859649122806,0.1578947368421053,0.0,10.0,0.14869608593088232,strong,0.7856225095487265,1.029855695011449,True,False,not_kept
alv_epithelium,Alveolar epithelium,AT2 cells,AT1 cells,2711,38,0.5916390268824921,0.13350069000316817,4.569162650641667e-05,0.7053132125937355,climb,29,0.8275862068965517,0.06896551724137931,0.10344827586206898,0.0,14.0,0.0017073524674525282,weak,0.6060583534578392,1.024371831334897,True,False,not_kept
alv_epithelium,Alveolar epithelium,Activated AT2 cells,AT2 cells,788,2711,0.3713788150672842,-0.663855628541772,-0.00022720963788874782,0.5917664929366699,relax,34,0.058823529411764705,0.8823529411764706,0.05882352941176472,7.0,0.0,0.05765026454606331,weak,0.3748043293417347,1.0092237740400476,True,True,mst+local_cheap
alv_epithelium,Alveolar epithelium,Activated AT2 cells,Krt8 ADI,788,700,0.39766608358765465,0.11671548223865702,3.9946761487441584e-05,1.2477948563541024,climb,23,0.6086956521739131,0.2608695652173913,0.13043478260869562,7.0,10.0,0.18604383225477714,strong,0.4198604492636857,1.0558115629946176,True,True,mst
alv_epithelium,Alveolar epithelium,Activated AT2 cells,AT1 cells,788,38,0.27168632790155967,-0.5303549385386038,-0.00018151801138233115,0.7161106000457877,relax,14,0.5,0.14285714285714285,0.35714285714285715,7.0,14.0,0.00044393040108517125,weak,0.2961525209937295,1.0900530890900946,True,False,not_kept
alv_epithelium,Alveolar epithelium,Krt8 ADI,AT2 cells,700,2711,0.7856225095487265,-0.780571110780429,-0.0002671563993761894,0.7610416639591664,relax,44,0.09090909090909091,0.6818181818181818,0.2272727272727273,10.0,0.0,0.09462858015666291,weak,0.7628471768940043,0.9710098267566497,True,False,not_kept
alv_epithelium,Alveolar epithelium,Krt8 ADI,Activated AT2 cells,700,788,0.4198604492636857,-0.11671548223865702,-3.9946761487441584e-05,1.6349334419333306,relax,22,0.22727272727272727,0.6363636363636364,0.13636363636363635,10.0,7.0,0.0194721072476535,weak,0.39766608358765465,0.9471387083115338,True,True,mst+local_cheap
alv_epithelium,Alveolar epithelium,Krt8 ADI,AT1 cells,700,38,0.27239176793402586,-0.6470704207772608,-0.00022146477286977273,0.39532370187352583,relax,6,0.3333333333333333,0.16666666666666666,0.5000000000000001,10.0,14.0,0.001910962783999784,weak,0.27758774350247284,1.0190753766416554,True,True,local_cheap
alv_epithelium,Alveolar epithelium,AT1 cells,AT2 cells,38,2711,0.6060583534578392,-0.13350069000316817,-4.569162650641667e-05,0.0,relax,21,0.047619047619047616,0.9047619047619048,0.04761904761904756,14.0,0.0,0.00367590905695265,weak,0.5916390268824921,0.9762080227191748,True,False,not_kept
alv_epithelium,Alveolar epithelium,AT1 cells,Activated AT2 cells,38,788,0.2961525209937295,0.5303549385386038,0.00018151801138233115,0.8416737670285245,climb,10,0.2,0.4,0.4,14.0,7.0,0.007136746457512653,weak,0.27168632790155967,0.9173865108053385,True,False,not_kept
alv_epithelium,Alveolar epithelium,AT1 cells,Krt8 ADI,38,700,0.27758774350247284,0.6470704207772608,0.00022146477286977273,0.41761508241969825,climb,9,0.1111111111111111,0.3333333333333333,0.5555555555555556,14.0,10.0,0.0016290783794895777,weak,0.27239176793402586,0.9812816823110854,True,True,local_cheap
macrophages,Macrophages,AM (PBS),AM (Bleo),1194,3286,0.7161429123354491,0.5793479579118639,0.00024147242971933602,1.0576669531247824,climb,37,0.21621621621621623,0.2702702702702703,0.5135135135135135,0.0,21.0,0.18805422466287303,strong,0.6892898048770522,0.9625031442791391,True,False,not_kept
macrophages,Macrophages,AM (PBS),M2 macrophages,1194,2361,1.048265892036831,0.48474638691713057,0.00020204246213006982,0.3733867515696063,climb,37,0.13513513513513514,0.2702702702702703,0.5945945945945946,0.0,10.0,0.052592337329458186,strong,1.0312931415212623,0.9838087353165962,True,False,not_kept
macrophages,Macrophages,AM (PBS),Resolution macrophages,1194,1935,0.8456486558586591,0.4404146126971804,0.00018356496326527028,1.4738122794624129,climb,46,0.17391304347826086,0.30434782608695654,0.5217391304347826,0.0,7.0,0.08142836706846938,strong,0.8319922895066927,0.9838510163076133,True,False,not_kept
macrophages,Macrophages,AM (PBS),Fn1+ macrophages,1194,247,0.8026631666314533,0.13008635045213912,5.4220035969776426e-05,0.37624685690526005,climb,31,0.0967741935483871,0.16129032258064516,0.7419354838709677,0.0,14.0,0.0054046941427167835,none,0.7809497473797934,0.9729482799818038,True,False,not_kept
macrophages,Macrophages,AM (PBS),Cd163-/Cd11c+ IMs,1194,734,0.392427142548144,-0.022557234518243097,-9.40186316789049e-06,0.314325576388355,flat,14,0.5,0.14285714285714285,0.35714285714285715,0.0,7.0,0.04658534809528337,strong,0.3821196620630391,0.9737340276231936,True,True,mst+local_cheap
macrophages,Macrophages,AM (PBS),Cd163+/Cd11c- IMs,1194,480,0.5221250160560568,0.06298953974078908,2.6254062002628586e-05,0.3150406027222685,climb,18,0.16666666666666666,0.1111111111111111,0.7222222222222223,0.0,3.0,0.0686858096827102,strong,0.5206772124991577,0.9972270940610498,True,True,local_cheap
macrophages,Macrophages,AM (Bleo),AM (PBS),3286,1194,0.6892898048770522,-0.5793479579118639,-0.00024147242971933602,0.0,relax,41,0.34146341463414637,0.21951219512195122,0.4390243902439024,21.0,0.0,0.0040642729496457135,weak,0.7161429123354491,1.0389576449083673,True,False,not_kept
macrophages,Macrophages,AM (Bleo),M2 macrophages,3286,2361,0.35513831983165633,-0.09460157099473339,-3.94299675892662e-05,0.0,relax,25,0.24,0.24,0.52,21.0,10.0,0.040237382235222295,weak,0.3636765922004208,1.0240421038534726,True,False,not_kept
macrophages,Macrophages,AM (Bleo),Resolution macrophages,3286,1935,0.13743257594022504,-0.13893334521468356,-5.790746645406575e-05,0.0,relax,12,0.5,0.3333333333333333,0.16666666666666669,21.0,7.0,0.07917833682680517,weak,0.14584567572638676,1.0612161980341523,True,True,local_cheap
macrophages,Macrophages,AM (Bleo),Fn1+ macrophages,3286,247,0.12004615218083929,-0.4492616074597248,-0.0001872523937495596,0.0,relax,9,0.5555555555555556,0.1111111111111111,0.3333333333333333,21.0,14.0,0.00410681261154075,none,0.12839051532258952,1.0695096259987629,True,True,mst+local_cheap
macrophages,Macrophages,AM (Bleo),Cd163-/Cd11c+ IMs,3286,734,0.3071701428140129,-0.6019051924301071,-0.0002508742928872265,0.0,relax,24,0.4166666666666667,0.125,0.45833333333333326,21.0,7.0,0.05245408644868495,weak,0.32489391940186135,1.057700193203746,True,False,not_kept
macrophages,Macrophages,AM (Bleo),Cd163+/Cd11c- IMs,3286,480,0.1878324305254285,-0.5163584181710749,-0.00021521836771670744,0.2162239633754287,relax,15,0.5333333333333333,0.06666666666666667,0.4,21.0,3.0,0.0022471694309892493,weak,0.21527662417202373,1.1461099852069143,True,True,mst
macrophages,Macrophages,M2 macrophages,AM (PBS),2361,1194,1.0312931415212623,-0.48474638691713057,-0.00020204246213006982,0.5767402409345925,relax,37,0.2972972972972973,0.16216216216216217,0.5405405405405405,10.0,0.0,0.0028471431888323273,weak,1.048265892036831,1.0164577362451144,True,False,not_kept
macrophages,Macrophages,M2 macrophages,AM (Bleo),2361,3286,0.3636765922004208,0.09460157099473339,3.94299675892662e-05,0.4144292631362384,climb,21,0.3333333333333333,0.23809523809523808,0.42857142857142866,10.0,21.0,0.1777211248154909,strong,0.35513831983165633,0.9765223482818065,True,False,not_kept
macrophages,Macrophages,M2 macrophages,Resolution macrophages,2361,1935,0.22150752157637427,-0.04433177421995017,-1.8477498864799546e-05,0.9345394184248854,flat,18,0.2777777777777778,0.2222222222222222,0.5,10.0,7.0,0.0492287176496628,weak,0.22001629004559065,0.9932678063428075,True,True,mst+local_cheap
macrophages,Macrophages,M2 macrophages,Fn1+ macrophages,2361,247,0.259662976558721,-0.35466003646499145,-0.0001478224261602934,0.22323122144778063,relax,14,0.2857142857142857,0.21428571428571427,0.5,10.0,14.0,0.008600016627308998,none,0.25712433227646575,0.9902233105508926,True,True,local_cheap
macrophages,Macrophages,M2 macrophages,Cd163-/Cd11c+ IMs,2361,734,0.6677035439176872,-0.5073036214353737,-0.0002114443252979603,0.3307711820683642,relax,45,0.17777777777777778,0.06666666666666667,0.7555555555555555,10.0,7.0,0.014013647816698387,weak,0.6674732543851077,0.9996551021247726,True,False,not_kept
macrophages,Macrophages,M2 macrophages,Cd163+/Cd11c- IMs,2361,480,0.5483658316291028,-0.4217568471763415,-0.00017578840012744124,0.6306532265116671,relax,36,0.19444444444444445,0.027777777777777776,0.7777777777777778,10.0,3.0,0.0005649704998029574,weak,0.5521405616652407,1.0068835981700701,True,False,not_kept
macrophages,Macrophages,Resolution macrophages,AM (PBS),1935,1194,0.8319922895066927,-0.4404146126971804,-0.00018356496326527028,0.5216832132232566,relax,52,0.19230769230769232,0.17307692307692307,0.6346153846153846,7.0,0.0,0.0,weak,0.8456486558586591,1.0164140539800521,True,False,not_kept
macrophages,Macrophages,Resolution macrophages,AM (Bleo),1935,3286,0.14584567572638676,0.13893334521468356,5.790746645406575e-05,0.6053412942911308,climb,11,0.36363636363636365,0.45454545454545453,0.18181818181818182,7.0,21.0,0.0,weak,0.13743257594022504,0.9423150549702454,True,True,local_cheap
macrophages,Macrophages,Resolution macrophages,M2 macrophages,1935,2361,0.22001629004559065,0.04433177421995017,1.8477498864799546e-05,1.0437954422468612,flat,17,0.23529411764705882,0.17647058823529413,0.588235294117647,7.0,10.0,0.14379214320133588,strong,0.22150752157637427,1.00677782326694,True,True,mst
macrophages,Macrophages,Resolution macrophages,Fn1+ macrophages,1935,247,0.07214677048714044,-0.3103282622450413,-0.00012934492729549385,0.19377213649054614,relax,6,0.8333333333333334,0.16666666666666666,-2.7755575615628914e-17,7.0,14.0,0.0,none,0.06700702024875758,0.9287598016569885,True,True,mst+local_cheap
macrophages,Macrophages,Resolution macrophages,Cd163-/Cd11c+ IMs,1935,734,0.4498726274436533,-0.4629718472154235,-0.00019296682643316077,0.5216832132232566,relax,35,0.2857142857142857,0.11428571428571428,0.6,7.0,7.0,0.0,weak,0.4543996629250712,1.010062927158143,True,False,not_kept
macrophages,Macrophages,Resolution macrophages,Cd163+/Cd11c- IMs,1935,480,0.33053491515506883,-0.3774250729563913,-0.0001573109012626417,0.8215652576665595,relax,26,0.19230769230769232,0.038461538461538464,0.7692307692307693,7.0,3.0,0.0,weak,0.3403264101308499,1.02962317905253,True,False,not_kept
macrophages,Macrophages,Fn1+ macrophages,AM (PBS),247,1194,0.7809497473797934,-0.13008635045213912,-5.4220035969776426e-05,0.0,relax,27,0.1111111111111111,0.18518518518518517,0.7037037037037037,14.0,0.0,0.0003211557027284244,none,0.8026631666314533,1.027803862314424,True,False,not_kept
macrophages,Macrophages,Fn1+ macrophages,AM (Bleo),247,3286,0.12839051532258952,0.4492616074597248,0.0001872523937495596,0.4115691578005847,climb,9,0.1111111111111111,0.5555555555555556,0.33333333333333326,14.0,21.0,0.0005428819637893327,none,0.12004615218083929,0.9350079472637096,True,True,mst+local_cheap
macrophages,Macrophages,Fn1+ macrophages,M2 macrophages,247,2361,0.25712433227646575,0.35466003646499145,0.0001478224261602934,0.2312395163876113,climb,18,0.16666666666666666,0.2222222222222222,0.6111111111111112,14.0,10.0,0.011926687226918854,none,0.259662976558721,1.0098732168160414,True,False,not_kept
macrophages,Macrophages,Fn1+ macrophages,Resolution macrophages,247,1935,0.06700702024875758,0.3103282622450413,0.00012934492729549385,0.0,climb,6,0.16666666666666666,0.5,0.33333333333333337,14.0,7.0,0.001111754943190857,none,0.07214677048714044,1.0767046530083755,True,True,mst+local_cheap
macrophages,Macrophages,Fn1+ macrophages,Cd163-/Cd11c+ IMs,247,734,0.42748483220438654,-0.15264358497038222,-6.362189913766692e-05,0.32791107673271047,relax,30,0.06666666666666667,0.1,0.8333333333333334,14.0,7.0,0.00025342065565504986,none,0.42362839749841175,0.9909787800257626,True,False,not_kept
macrophages,Macrophages,Fn1+ macrophages,Cd163+/Cd11c- IMs,247,480,0.30568975835146855,-0.06709681071135004,-2.796597396714784e-05,0.6277931211760134,relax,14,0.14285714285714285,0.07142857142857142,0.7857142857142858,14.0,3.0,0.00016894710377003328,none,0.300643493047239,0.9834922002868965,True,False,not_kept
macrophages,Macrophages,Cd163-/Cd11c+ IMs,AM (PBS),734,1194,0.3821196620630391,0.022557234518243097,9.40186316789049e-06,0.5206821763557776,flat,18,0.16666666666666666,0.4444444444444444,0.38888888888888895,7.0,0.0,0.00024058943518220368,weak,0.392427142548144,1.0269744834077066,True,True,mst
macrophages,Macrophages,Cd163-/Cd11c+ IMs,AM (Bleo),734,3286,0.32489391940186135,0.6019051924301071,0.0002508742928872265,1.0376462157752053,climb,23,0.13043478260869565,0.34782608695652173,0.5217391304347826,7.0,21.0,0.008375340110436147,medium,0.3071701428140129,0.9454474967662557,True,True,local_cheap
macrophages,Macrophages,Cd163-/Cd11c+ IMs,M2 macrophages,734,2361,0.6674732543851077,0.5073036214353737,0.0002114443252979603,1.4537915421128358,climb,44,0.045454545454545456,0.13636363636363635,0.8181818181818182,7.0,10.0,0.1595169928877307,strong,0.6677035439176872,1.0003450168678163,True,False,not_kept
macrophages,Macrophages,Cd163-/Cd11c+ IMs,Resolution macrophages,734,1935,0.4543996629250712,0.4629718472154235,0.00019296682643316077,1.4537915421128358,climb,32,0.09375,0.375,0.53125,7.0,7.0,0.0016412795853409132,weak,0.4498726274436533,0.9900373264952126,True,False,not_kept
macrophages,Macrophages,Cd163-/Cd11c+ IMs,Fn1+ macrophages,734,247,0.42362839749841175,0.15264358497038222,6.362189913766692e-05,1.4537915421128358,climb,27,0.07407407407407407,0.1111111111111111,0.8148148148148149,7.0,14.0,0.0,none,0.42748483220438654,1.0091033432313286,True,False,not_kept
macrophages,Macrophages,Cd163-/Cd11c+ IMs,Cd163+/Cd11c- IMs,734,480,0.16653093856363035,0.08554677425903218,3.5655925170519076e-05,0.36023026702559857,climb,11,0.09090909090909091,0.18181818181818182,0.7272727272727273,7.0,3.0,0.0,weak,0.1675834522407466,1.0063202290528601,True,True,mst+local_cheap
macrophages,Macrophages,Cd163+/Cd11c- IMs,AM (PBS),480,1194,0.5206772124991577,-0.06298953974078908,-2.6254062002628586e-05,0.29459084957234305,relax,19,0.10526315789473684,0.21052631578947367,0.6842105263157895,3.0,0.0,0.00022537661821318087,weak,0.5221250160560568,1.0027806163226294,True,False,not_kept
macrophages,Macrophages,Cd163+/Cd11c- IMs,AM (Bleo),480,3286,0.21527662417202373,0.5163584181710749,0.00021521836771670744,0.9404026343629753,climb,15,0.13333333333333333,0.3333333333333333,0.5333333333333334,3.0,21.0,0.009595673659935532,medium,0.1878324305254285,0.8725166108813673,True,True,mst+local_cheap
macrophages,Macrophages,Cd163+/Cd11c- IMs,M2 macrophages,480,2361,0.5521405616652407,0.4217568471763415,0.00017578840012744124,0.760072992950002,climb,31,0.06451612903225806,0.22580645161290322,0.7096774193548387,3.0,10.0,0.012605952697806937,strong,0.5483658316291028,0.9931634618080827,True,False,not_kept
macrophages,Macrophages,Cd163+/Cd11c- IMs,Resolution macrophages,480,1935,0.3403264101308499,0.3774250729563913,0.0001573109012626417,1.6263988991195437,climb,26,0.11538461538461539,0.4230769230769231,0.4615384615384615,3.0,7.0,0.03784650739157841,strong,0.33053491515506883,0.971229106277742,True,False,not_kept
macrophages,Macrophages,Cd163+/Cd11c- IMs,Fn1+ macrophages,480,247,0.300643493047239,0.06709681071135004,2.796597396714784e-05,0.5288334765623907,climb,15,0.06666666666666667,0.13333333333333333,0.8,3.0,14.0,0.0023658166837172254,none,0.30568975835146855,1.0167848811629525,True,False,not_kept
macrophages,Macrophages,Cd163+/Cd11c- IMs,Cd163-/Cd11c+ IMs,480,734,0.1675834522407466,-0.08554677425903218,-3.5655925170519076e-05,0.5328376240323063,relax,11,0.18181818181818182,0.18181818181818182,0.6363636363636362,3.0,7.0,0.02690198641216222,strong,0.16653093856363035,0.9937194653527129,True,True,mst+local_cheap
