,Fibroblast,Immune,Neuron,RBC,Satellite,Schwann,VEC,VECC,VSMC
Atf3,0.5031858237101425,0.6344190608749084,1.2387680041864129,0.4943264023498985,0.6144586707327031,0.5329019816640054,0.5405115251825972,0.7215091380525304,0.5989030397153583
Snhg11,0.3831756871007104,0.379726737640122,2.9357648522506365,0.3878190032355096,0.35292572072783024,0.34263257675784964,0.35544874983155134,0.441461214581441,0.3931306155361108
Car3,0.13947030595530532,0.22850618997236322,0.21169378617639364,0.1320212136133129,0.20579945599299,0.1638693291701039,0.17777503894954652,0.207653287679624,0.1837319091679015
Sprr1a,0.5074250340013626,0.7813283065882729,1.3039009762854579,0.5882639247896947,0.7313778816996626,0.56714666680208,0.5260325567568357,0.7612723378329987,0.6424222014809915
S100a11,1.294401177446847,1.33641565442556,2.72785235217731,1.0060773036472608,1.2101488716731466,1.0872765003533826,1.05730041186532,2.726163592901886,1.524976206541645
Ttll7,1.6424738001985464,1.7889868648171594,3.8237048929844795,1.7393668250458825,1.6845386274969174,1.6955973809062796,1.8207920884159452,1.8872816664928003,1.793719466803193
Plin2,0.3610760649282418,0.5135667699102788,0.9802345636349422,0.3305409582325405,0.4209012743465245,0.3160708332896481,0.4813801943544972,0.4904079437498865,0.3806517779535218
Trnp1,1.0573177313413944,1.1355009196149182,2.962075885881178,1.1229226682344768,1.0372500405582663,1.0509995318536198,0.9761035312016043,1.256562147690021,1.0941376306857389
Vgf,0.4336920992814588,0.5424583483598796,1.605942410628669,0.4490716536789924,0.5101137927516498,0.4604661238805532,0.49860769640242547,0.5908958038110572,0.49930382682105495
Npy,0.8756199696012242,1.247658783123763,0.9292686926753637,0.9290310393460922,1.193959069318311,0.9690766653318102,0.911026077035149,1.114433712015223,1.0650134881685998
Kif22,0.4808932734762073,0.6113227884566441,1.6103046752084065,0.5596353323494696,0.5816960325619183,0.4998526571793472,0.49227739103474044,0.6012487953689604,0.5536412419892695
Akap12,1.0247681632234351,0.9395380496170742,2.906204423022164,0.878354161946969,0.9653660542212164,0.9278925432592452,1.0339539390998491,1.0764520974237093,0.9888307887665453
Nts,0.6018434736248964,0.8145688206961655,1.0830611807534962,0.608419281518298,0.786621697154564,0.6496547973853011,0.6596797257636543,0.6894271100504372,0.7179643330099742
Sncg,2.9012017998056057,3.041069088443654,5.523835479718481,3.092491445216402,3.120741045942283,3.1146556995012404,2.757264883602272,3.1286549426916905,3.067346692110289
Stmn4,0.23725898712134555,0.3215719501965896,1.2029209371781497,0.2439982125318948,0.29046511650945095,0.24587013705064184,0.25028092011568726,0.3115489431786613,0.28127044150653646
Fxyd2,2.1965308375368635,2.2717293579906275,4.5640168788069095,2.3488355959857725,2.2139504108057304,2.187779899106872,2.0090018295759684,2.3874322561822408,2.289487440223087
Skp1a,1.555482338258418,1.6085675284996832,3.7365371586883596,1.5902007158093632,1.661603310006047,1.6154971395987658,1.6616443955112554,1.7694922960444126,1.6380247800962513
Aspscr1,0.4352434968760836,0.5991965959003333,1.3026019658447698,0.45835747364508517,0.5689867109317253,0.4492054450667499,0.47657359108032726,0.5972018243112411,0.5241081076522186
Serpinb1a,0.9106751411215173,1.1064085447653964,1.447402401837764,0.9983216589570125,1.0486912714911358,0.9626176194861334,1.000793716279371,1.387382862241505,1.0005178101206222
Nrn1,1.437856464923725,1.569173860100296,3.1390496459511184,1.584631032457824,1.4992921499931384,1.4741794131379573,1.405947600416227,1.7070855884042324,1.5521435358836762
Ctla2a,0.10802157347712636,0.21676838227106374,0.17223467809743367,0.1265141188951094,0.13757132413700948,0.12129104867633901,1.9306196644880058,0.1334733620291141,0.1373529077882774
Rasgrf2,0.2359927869739559,0.3133506394863818,0.6534444810101182,0.2280442877747767,0.2854479530944761,0.23911028176109247,0.4764089497357286,0.3252310701093077,0.28091867032354023
Rgs7bp,0.9478142073632727,1.026645982752236,3.113232361140434,0.9644639470409911,0.9474432092025656,0.9493948487699767,1.0452557638692463,1.1450943531649866,1.1386868538245174
Fst,0.14660548422108535,0.19670680603331867,0.3540030288706936,0.1455002131476208,0.18419791981494177,0.14863926750410797,0.17975425191723293,0.19327706803858935,0.1904520183760686
Meg3,0.9588600106411546,0.666128898535459,3.6256728126153344,0.6607506239782429,0.6499704168978674,0.5922890511747699,0.6584035872874069,0.7473784519934857,0.7657392575796477
Kif21a,1.444811305577032,1.5698275408906939,3.8664017697858926,1.5077801404066054,1.7166897491351456,1.4899528554266137,1.5041953291225811,1.6881999190051122,1.529124003012173
Gap43,1.5668297619896108,1.8353872585932576,3.3190659526427617,1.6704547163719605,1.7486696053302127,1.5937609118407292,1.6622331907396526,1.85272184129326,1.705614857852397
Sema6a,0.2315574163066933,0.2514820933239377,0.7797289138144755,0.1931721300677632,0.29329856179882635,0.1979772410334781,0.5034455311758848,0.2612952115295979,0.20048020916095954
Tubb6,0.18094592077702526,0.19676853968582136,0.4012268173140834,0.11114355801045692,0.15057590064422333,0.11553474430111367,0.15752904372595422,0.17923820363329093,0.15337081684691056
Gal,0.8293195663033118,1.111861145705253,1.6795122925661987,0.9075527701090643,1.073814144779916,0.8540781611288416,0.8362300740497315,1.0875721268541771,0.9889771052987057
Malat1,4.287896894481784,3.8321362765814726,5.495356219283051,2.893936120375787,4.84003664610638,4.095092245754343,4.1663946796298035,3.6752854123850414,4.3271619613745855
Tmem233,0.5001271403225265,0.5677755911387934,1.99729667472327,0.5452342509850705,0.5041300217835057,0.5013039843802989,0.47817553779874616,0.6507538747936876,0.5487067546248163
Tubb2b,0.920501023094294,1.0758371870951335,3.163554097524173,0.9715040047193236,1.0258847873002352,0.9564473929017828,0.938316943125979,1.1047331321992644,0.9972157214277905
Rgs10,0.8038461206157954,1.209731627476561,2.799337097886105,0.9111964329833737,0.8056972574581113,0.7984330028473346,0.7290065433042675,0.921271844767024,0.8501643525284487
Ucn,0.06424323265145929,0.09081649819279936,0.1984600662898353,0.07786163575884006,0.09354159649652387,0.0731512601347924,0.07406336619305179,0.091832518781094,0.07004530661847833
Gng3,1.8021480743040201,1.9299240884903035,4.139665458248276,1.942133274678217,1.8670500948771678,1.8075927482185552,1.731428711839468,2.046992789651024,1.9041883432251165
Etv1,0.835442235933003,0.6968223880068554,1.368769792241969,0.6423612710011003,0.7557821550088899,0.6624376927459282,0.7068409772684123,0.7803897371515215,0.7117150697349646
Dgkh,0.7360250486043645,0.7966236172506771,3.4960997101112894,0.7456003146073149,0.7178904668917105,0.7359138316077803,0.8999207374402854,0.9124237436377246,0.8037894853353618
Ppp1r1c,0.9677732157951525,1.0229784208481678,2.9427367557682884,0.9988665925110111,0.9673163073733103,0.9471842344199025,0.9242359263820029,1.0982312701840058,0.9798242491721451
Tln2,0.27420835967980695,0.31468608494101497,1.6860775939444994,0.2922427023074474,0.39053290440352634,0.288571345582407,0.3245084312299284,0.351122662694152,0.2954199877713248
Bex3,0.8163071988915245,0.8333175817863665,3.0601039483622086,0.8446174752539294,0.8477264637629021,0.7737758546515805,0.8749203213960939,0.8622307984987306,0.8486290328741334
Gm26870,0.1434442291637809,0.14752751997780442,0.076447083226042,0.1780528621575756,0.1475862467750852,0.15671533831407145,0.11045159378883787,0.17945854141524997,0.14056401404432137
Scg3,0.5367559061297071,0.6764100731169769,2.584433199675475,0.6359101695917826,0.8444080962929167,0.5721935803753592,0.5277461915002403,0.7390049602835322,0.6251013750096995
Gfra1,0.549165050050684,0.5018543029212631,1.1286698159380344,0.3639195469528832,0.47676872353635863,0.5009431985769683,0.45180873834033064,0.5207254283720869,0.4379786408188168
Selenow,2.219737389402563,2.271884496197136,4.636223147821895,2.22889105483491,2.309458196854538,2.171417987460916,2.359672479919813,2.3200357410552126,2.378743528310862
Kif5b,1.2311187334421887,1.3459858919005967,3.4568310024267572,1.1929792244639514,1.3566730842782646,1.428907697664345,1.6358058160445854,1.4683736523573543,1.3521631207385805
Asap1,0.5882649558445908,0.6447214929872577,2.2493386776136375,0.5869943845736827,0.5784910897263252,0.5658907744816948,0.7243813147705186,0.7648288161843944,0.6329115243157812
Cd55,0.41321114690627986,0.46678522596421446,1.9931933362653063,0.4217360320593684,0.4335855911125136,0.5426591587161333,0.40250331650727644,0.5489796317883281,0.44174977207925803
Ahi1,0.14790199255639686,0.12098002467179239,1.4480973309651632,0.13271661636767837,0.26692810525305166,0.256048604240014,0.14188034227808166,0.1370036372437984,0.14030256727517215
Ogfrl1,0.5423823722696842,0.6217762284063809,2.0791107329165723,0.5189314967254723,0.4833370173633175,0.4905907758835866,0.5597119997906269,0.8006476727035046,0.5300372955552932
Hspb1,2.031952657004628,2.158299495184601,3.30984845244788,2.1431068369883124,2.1052687599163917,1.9932911017092758,2.370549322053487,2.2423371325507966,2.2476804453076857
Tshz2,0.8525033827950735,0.5806006420565296,3.1939406201372815,0.5528059968606153,0.5877357582908624,0.5204724694429458,1.481470634167747,0.6695854733611781,0.7223041395873491
Kbtbd11,0.08813962044855854,0.11630650897143806,1.0237272029355333,0.09281331433619737,0.13443948606565068,0.08908668107156291,0.3756628581840464,0.12130100398837529,0.09684365102066317
2010005H15Rik,0.0516414982741323,0.07996882934309102,0.08790187408030664,0.056389987402417824,0.08161179241493957,0.05869948881894363,0.055340171068170116,0.08052471248369458,0.07708580691301413
Chst2,0.2165472689282475,0.2639811181488845,0.9164266788008526,0.2016247750158484,0.24076273692321287,0.3062001547251481,0.3134735413164236,0.2956295851670806,0.2593507925058742
Gm34583,0.05846645394934071,0.08767900801224593,0.2475313340803207,0.07131340086032448,0.08435793507387593,0.06528566014063084,0.059494552341743494,0.09139291997109049,0.08306406345928298
Hsbp1l1,0.3377635461736813,0.3571692846022554,1.7352626900797705,0.3784723502943462,0.3339114125621513,0.33291391790517016,0.3165170824082841,0.408526369524234,0.3737479445518524
Chl1,0.21627325762243316,0.24116430009590364,1.369446057965228,0.18036533568867666,0.5640005477830398,0.1889309221216255,0.20855503069645917,0.2454993317765733,0.20787248063849145
Car1,0.046478212011918,0.06601746287443822,0.0768435185509399,0.1077700186204103,0.06508301575410244,0.04526732349543135,0.04909138947989418,0.055766896707709075,0.05513930934391931
Pcsk1n,2.1585684699951613,2.2863257098090735,4.479561048877195,2.274616107261065,2.2291456135243237,2.183941187888368,2.039902774519109,2.409242616684506,2.2565784437625704
