gene,Fibroblast,Immune,Neuron,RBC,Satellite,Schwann,VEC,VECC,VSMC,log1p_diff,pval_adj,mean_late,mean_control,best_celltype
2010005H15Rik,-0.021319195913666867,0.010439680884281809,0.02799861456245158,-0.011495528257527041,0.01931915570321482,-0.02895413413951474,-0.024981608679060793,0.006867785387541273,0.0027831159572065237,0.12505841038902912,2.3491337424128584e-210,0.13200674477349164,0.006948334384462524,Schwann
Ahi1,-0.09268936841914013,-0.17421543599056064,0.6959891104356918,-0.06720417185172475,-0.13291630062074522,-0.11291986611244716,-0.13336397460152336,-0.09976036438536597,-0.0802164224161567,-0.39959740386246223,1.1912073102046632e-220,0.3304730980634477,0.7300705019259099,Neuron
Akap12,-0.06858498717817704,-0.15159500090640618,0.7540180444977244,-0.07065000576167861,-0.20731979419682656,-0.18227504879736922,-0.09356124654221715,-0.058522123199486145,-0.06484141346088627,-0.6103530965869932,0.0,1.1612305983753464,1.7715836949623396,Neuron
Asap1,-0.08381129057806044,-0.11854528492480806,0.7036497041896755,-0.05783540097130763,-0.21707803615944726,-0.17905690104531424,-0.06841555698897381,-0.03946982873187238,-0.06086344679671468,-0.47871498370744714,1.2484719192152754e-223,0.7854086746609767,1.2641236583684239,Neuron
Aspscr1,-0.0691375039008798,-0.03416040801663887,0.3885870388295791,-0.04275565172336327,-0.07292629967933068,-0.12978946806104197,-0.07989634309440671,-0.02126957349828953,-0.035775563982645864,0.7232305253056297,0.0,1.0273550530517876,0.3041245277461579,Neuron
Atf3,-0.05455051104275709,-0.032602237936442735,0.2938700437548279,-0.03914460809397096,-0.06143117079581124,-0.09293893874004791,-0.06259253335790742,0.0047016927882390855,-0.024127566606138573,0.791454370253229,0.0,0.8647987115894589,0.07334434133622987,Neuron
Bex3,-0.08495897590579884,-0.1395902434818268,0.7590431805494412,-0.05442362823795263,-0.19746914712874203,-0.18713836144828558,-0.10278198722936946,-0.0782658923569707,-0.06600241661720778,-0.6205998608963645,7.288502120650389e-265,1.0815416342064446,1.702141495102809,Neuron
Car1,-0.01569218383714528,0.007888915079663397,0.03222753819554822,0.032978240958166656,0.009137571519323274,-0.03387229123700246,-0.018275332644724328,-0.006257978151552907,-0.00563944716907832,0.11970754607246042,3.2678491870780554e-203,0.12431069793455267,0.004603151862092248,Schwann
Car3,-0.032295631127212225,0.034873380923987264,0.021174673889571356,-0.025227002696544782,0.01742107851527595,-0.035704516010613106,-0.01358024829505262,0.008310667570974914,-0.005155787055869542,0.36234206279668824,0.0,0.37910953876050135,0.016767475963813117,Schwann
Cd55,-0.07797661793019295,-0.11165909080767017,0.6087502944827073,-0.05219914350779683,-0.18381309385875252,-0.09403674217090677,-0.11340981459614735,-0.0471664577031468,-0.05993993613613201,-0.5621156576145013,2.842637158143118e-223,0.6288752571420163,1.1909909147565176,Neuron
Chl1,-0.08686549971564748,-0.13615695275581435,0.5190090011709672,-0.06703177147197897,0.04098996256367034,-0.1897998533724323,-0.12555033447569214,-0.08097404167034057,-0.07526861578300599,0.35887272188550307,2.0898878486844705e-207,0.7002977711692333,0.34142504928373024,Neuron
Chst2,-0.06267880181310737,-0.07716284340484203,0.4016109934979205,-0.0468971297777579,-0.13495114575745962,-0.05864453205961194,-0.03751793143189712,-0.034459378032262615,-0.03939114595101239,0.28996363455347984,3.8952667234335016e-210,0.48739451938385114,0.1974308848303713,Neuron
Ctla2a,-0.06874123752836696,-0.057403645824516264,-0.09746280537607341,-0.043132419259426354,-0.1487589648997055,-0.12877853563328803,0.7347427081716299,-0.06264581156244863,-0.049898028928330784,0.28249134620218164,0.0,0.4117795822085998,0.12928823600641817,VEC
Dgkh,-0.0947160419238344,-0.14361536227017163,0.8151172467999528,-0.06392307025899857,-0.2463222918650798,-0.18931661757274357,-0.09193548402235197,-0.06528081634775415,-0.06953193410321996,-0.670673012810417,3.100399450320415e-282,1.0867459611078718,1.7574189739182888,Neuron
Etv1,-0.000804391180444455,-0.07533257002260214,0.3360566859944628,-0.04188527594557515,-0.06439594283461908,-0.1092766189432738,-0.057532267952123434,-0.018587471473313417,-0.03313437424776863,-0.38648374103896854,1.679689918930474e-295,0.6951671884062798,1.0816509294452483,Neuron
Fst,-0.03369954038447204,-0.010344985641455848,0.16428529573787803,-0.023583497992524894,-0.032546053885218834,-0.06509995293171504,-0.02168407489643274,-0.00821433252819839,-0.007995400760053882,0.2850669406755767,0.0,0.33043978526096435,0.045372844585387664,Neuron
Fxyd2,-0.0767245292823664,-0.10887122606065969,0.687134968614714,-0.03440053606563354,-0.1852292550726624,-0.15638633607136565,-0.15430182168206372,-0.04482475157940183,-0.05091201676489341,-0.9296391599003386,0.0,2.4498461270215226,3.3794852869218612,Neuron
Gal,-0.057258577934486375,0.001320148969333765,0.23860179980257007,-0.028313333014901854,-0.017708948491898954,-0.10426158491836511,-0.07863388504998692,-0.004367868064516934,-0.020609761006732112,1.6100509739758324,0.0,1.8394156474903498,0.22936467351451734,Neuron
Gap43,-0.08979003510915348,-0.05851825038403198,0.5554084299599731,-0.046964268543795804,-0.13104682082433083,-0.168284587040057,-0.0986141847626969,-0.0316554486640056,-0.051416736167987975,0.7489632543799984,0.0,2.438424819854677,1.6894615654746785,Neuron
Gfra1,-0.018185340281123456,-0.0595794751014701,0.37627050708973914,-0.057160278357948235,-0.10956239608893348,-0.0701395575529777,-0.07369470490177339,-0.029161271961361594,-0.04816645614682457,0.3042109336388115,1.7144894222810674e-243,0.7036776000346793,0.39946666639586775,Neuron
Gm26870,0.005957127651016219,0.01505371588322905,-0.08230592736359348,0.02058415237887798,0.02219580548382837,0.030287242560407872,-0.023815582564552556,0.03201981107932329,0.0033361993342477187,-0.13722496847670013,4.1204117556940155e-252,0.04980569588018473,0.18703066435688484,Neuron
Gm34583,-0.03551642238559008,-0.024331130840444706,0.20824281418568683,-0.01797015811546492,-0.04180137963678771,-0.06103222637662574,-0.04895857285101517,-0.011902023805887273,-0.014799792275363214,0.16039468037078525,1.2741042779276346e-208,0.18555048352098755,0.025155803150202292,Neuron
Gng3,-0.09901702506373807,-0.12332793101139294,0.8038660679014648,-0.04770987733304,-0.21443559736238174,-0.1955703442699664,-0.16050109906202964,-0.048909919196400864,-0.06522548797017393,-0.5169993344284922,7.919578587914367e-296,2.2235328219389303,2.7405321563674225,Neuron
Hsbp1l1,-0.07552033471738459,-0.11956867603873636,0.6844157380090475,-0.04365795502798581,-0.1927293979823905,-0.1537749425391641,-0.11517301625683622,-0.056593765634893455,-0.05467359204508852,-0.43215393118297707,2.745506782088609e-208,0.48380264205811263,0.9159565732410897,Neuron
Hspb1,-0.07902012535456122,-0.08062135936124423,0.49651270791051927,-0.03499046854091861,-0.15204762413301295,-0.17745264390457183,0.009328489270069169,-0.02672297271596248,-0.02059831343252154,0.261368131516869,8.757953711308117e-219,2.4178288255988614,2.1564606940819924,Neuron
Kbtbd11,-0.08588906754476325,-0.12770627949985583,0.5913027598748052,-0.05774400905809052,-0.16906992504492968,-0.17087518153608752,0.04208380100323164,-0.07511500669513971,-0.06939452647146786,-0.3250253904104052,1.8701716372764206e-213,0.21780934435039973,0.5428347347608049,Neuron
Kif21a,-0.11814526949203932,-0.15651793757996085,0.8144232626423746,-0.07193804997351139,-0.15061857003628537,-0.21677338347303846,-0.14846117179570503,-0.06835651827860786,-0.08430425017961202,-0.6242463852138704,0.0,1.8910464065707013,2.5152927917845718,Neuron
Kif22,-0.06953546168959608,-0.05965856827580266,0.46970922828098793,-0.03339270749783648,-0.10738024108286429,-0.12887407819721486,-0.0936547977466053,-0.03883942213901039,-0.042264222004777356,0.7236238444513454,0.0,0.9955328017731234,0.27190895732177794,Neuron
Kif5b,-0.1206549315268848,-0.1624218273167501,0.7727575091978542,-0.08883259567912978,-0.23233194682494163,-0.15218861323607216,-0.04169628862700802,-0.06966949403178341,-0.07869237479212855,-0.5212339331635458,7.31264876976785e-226,1.6203268980320413,2.141560831195587,Neuron
Malat1,-0.031865071202991334,-0.1902255611778107,0.36169924772710266,-0.18836159546965223,0.16104938514746028,-0.1306132857905273,-0.07459777382250427,-0.1432078153705118,-0.021094987901184952,-1.1076503859508389,0.0,4.199435559571079,5.3070859455219175,Neuron
Meg3,-0.04148736671261156,-0.15629689257208956,0.8371180134580775,-0.06334184220913518,-0.23629215093952716,-0.20740183229539075,-0.13033043370218064,-0.08018117336432867,-0.06259179993715203,-0.7434498840561847,0.0,1.0694082307024013,1.812858114758586,Neuron
Npy,-0.03981287039884326,0.07249944855996142,-0.05686485299283133,-0.019261126547772744,0.07659711128183269,-0.03833001226648578,-0.04505788160161653,0.013368183388898381,0.0016837463808729175,2.055423224077133,0.0,2.0594533939072517,0.004030169830118439,Satellite
Nrn1,-0.08503337976551537,-0.09317426961248773,0.6342376213300492,-0.03490647762991956,-0.17774625937231792,-0.15298881848111012,-0.13023131608796543,-0.022996611471084297,-0.049161404993622274,-0.6724488381166249,0.0,1.6954812756981867,2.3679301138148117,Neuron
Nts,-0.04568441661874699,0.011999472582635548,0.14944837352597382,-0.030282556392037644,0.0002073943166386176,-0.06762896372810509,-0.04416060831367943,-0.024844086307603118,-0.01425465657230759,1.4606262284646216,0.0,1.5101780360200037,0.049551807555381994,Neuron
Ogfrl1,-0.07642189459412253,-0.09346854801623695,0.7048954970243381,-0.056968468612439205,-0.23301472040208485,-0.18121578976047295,-0.10089929224291348,-0.005499512471544719,-0.06723537870040541,-0.43427832048452497,5.003840902444299e-220,0.6939394555268789,1.1282177760114038,Neuron
Pcsk1n,-0.1005830300862999,-0.12497748697317233,0.8159988494222209,-0.05188738458321612,-0.21451183293464618,-0.19003596730333458,-0.17778107152272976,-0.0480213361491389,-0.06687032040049641,-0.4309942903696258,4.4137281286431774e-203,2.6012685653080685,3.0322628556776943,Neuron
Plin2,-0.059735401297684204,-0.00314989707739283,0.35649572165433374,-0.049029259363803736,-0.09307902630997024,-0.15351936458451987,-0.019798300223741908,-0.011009462596616263,-0.04405624060859607,0.35139057745339464,0.0,0.65599989398348,0.3046093165300854,Neuron
Ppp1r1c,-0.0817979983759468,-0.11880325396253986,0.7390756546242836,-0.05140640679815928,-0.20591539964122196,-0.17273896291095192,-0.12901354571795573,-0.05424461342339408,-0.06661183414293208,-0.6211245027625536,5.60312539740195e-280,1.2099998120001894,1.831124314762743,Neuron
Rasgrf2,-0.05444543658929717,-0.03668410396154098,0.25171113373372556,-0.039757073157963674,-0.08379403971495548,-0.10614143368262889,0.06789164433365387,-0.01692206866485197,-0.029702395632503386,0.35444861399581196,0.0,0.5175628782432136,0.16311426424740158,Neuron
Rgs10,-0.08529815708138845,-0.003666398051358624,0.6577983501920456,-0.04351340752509168,-0.2135029330668029,-0.17267264990405154,-0.14171083675851226,-0.06341699349292536,-0.06385550690273131,-0.72181696659729,1.6036577854004387e-301,1.0545988415745267,1.7764158081718167,Neuron
Rgs7bp,-0.09291116874252019,-0.1297951356072751,0.768576629371789,-0.06137539053705388,-0.23379994914551783,-0.18498296859761484,-0.1009967529181896,-0.051784305217863695,-0.043295686149706664,-0.6721928168695719,0.0,1.1882534429175615,1.8604462597871334,Neuron
S100a11,-0.05369023981914149,-0.07721235554595017,0.4886551479735309,-0.07755764984913951,-0.17843875679974128,-0.19219529592608342,-0.1440964253287229,0.2485307964083541,-0.005385593374955214,0.6588369892527508,0.0,1.9226548978132718,1.263817908560521,Neuron
Scg3,-0.10886775888117152,-0.13289816655495484,0.7114261942198257,-0.05956211976402151,-0.10041234696206491,-0.20169029093372903,-0.1561522281579908,-0.06581305297632854,-0.07502934601164842,-0.5816527525943448,2.6348155265850872e-248,0.914616366310189,1.4962691189045338,Neuron
Selenow,-0.10159576744149902,-0.1551396791103667,0.833040825198313,-0.06850250992970974,-0.20770012258113596,-0.2234568336126481,-0.10137136766924602,-0.08322988354802535,-0.05723621975122905,-0.4664679452692191,1.718330365684272e-228,2.654158093891306,3.120626039160525,Neuron
Sema6a,-0.05067341900244341,-0.07411248981094094,0.3115098416354704,-0.044645123640682925,-0.06966616399279396,-0.12622319001504118,0.07105031265752089,-0.041020797451426734,-0.0524200525837156,0.37472679859967306,0.0,0.46977871816189976,0.09505191956222668,Neuron
Serpinb1a,-0.05893683894582194,-0.005101533808783578,0.1921515575774389,-0.02328760815222735,-0.04897395705692449,-0.0881013462004986,-0.04671418026318585,0.08010046726030705,-0.02800856826187348,0.6614288406638416,0.0,1.2875945542042844,0.6261657135404428,Neuron
Skp1a,-0.10056790094274655,-0.15247484387986368,0.7613456481210122,-0.06392967275543508,-0.19473629115173277,-0.1748496822063827,-0.1090604155972612,-0.05587440349150155,-0.0695678273498693,-0.7192719842707711,0.0,1.8573773094783488,2.57664929374912,Neuron
Sncg,-0.11930106483728221,-0.15607581004974067,0.8322547037538611,-0.05550009666110876,-0.18868651665598055,-0.15242490294484978,-0.20885921270793736,-0.07606440051358694,-0.07228101425000272,-0.6333175131127455,0.0,3.3964609913610437,4.029778504473789,Neuron
Snhg11,-0.08915903033918772,-0.1539219439464469,0.8593845733940162,-0.06064524658277133,-0.23941398344898168,-0.19441795932784622,-0.1333848260087116,-0.08022562923361466,-0.07341961613258255,-0.5917868115475686,0.0,0.6852535673807385,1.2770403789283071,Neuron
Sprr1a,-0.056459227473594206,0.0017741293854425732,0.2251263137088784,-0.02714450881609701,-0.023757736740213743,-0.08777414224495335,-0.07400655955396014,-0.003287147572856087,-0.023687965356371035,1.5022851643088375,0.0,1.5041449678685166,0.0018598035596790667,Neuron
Stmn4,-0.06476042967552399,-0.06570364017382162,0.4832384183927341,-0.0430635468226843,-0.12092407476390055,-0.12402509037242562,-0.08545350954529364,-0.04296816354754938,-0.04293863378544118,0.40538818570809265,0.0,0.5992854936930988,0.19389730798500612,Neuron
Tln2,-0.0918638176014514,-0.13621189631538705,0.6891340220056051,-0.05936186360413137,-0.14172230371676406,-0.17481874392696722,-0.10775031682501665,-0.07082573191312432,-0.0719274240102428,-0.45774741306936706,3.4020066279595807e-277,0.46641523571594234,0.9241626487853094,Neuron
Tmem233,-0.06249006740210164,-0.08193160470848163,0.5327432476164164,-0.03623322569282843,-0.15493097529837624,-0.12436786620596264,-0.09470014281943624,-0.0309016755958594,-0.043767433424101325,-0.6736316744979971,2.1815726653764714e-306,0.6377234743398654,1.3113551488378625,Neuron
Trnp1,-0.08025456057642924,-0.10700515036334357,0.7180810434005283,-0.04490287581064674,-0.2132571224934534,-0.1632506247164128,-0.13904114050723482,-0.0361560806740357,-0.06054299553721207,-0.7111880657249372,0.0,1.2072624038146178,1.918450469539555,Neuron
Tshz2,-0.055896043406681646,-0.18320203538726354,0.7800773483860997,-0.07709593167580212,-0.2655070843821957,-0.2362680188550446,0.08757038647031598,-0.09344462466530723,-0.06767206562708691,-0.6678388357620162,1.4231473392008376e-214,0.9858972404216579,1.6537360761836741,Neuron
Ttll7,-0.1061527932886822,-0.12511293205472535,0.7866476763936308,-0.05791105065624879,-0.24298233094553226,-0.1881340413021436,-0.09272278897172948,-0.05262053919433536,-0.060617042961503775,-0.6716857875846745,0.0,1.9496180833914556,2.62130387097613,Neuron
Tubb2b,-0.09461114062336026,-0.10878712665969255,0.7209143100138911,-0.05801217049437954,-0.18481119295432105,-0.1746816613801934,-0.12820886800013712,-0.05976866386915286,-0.06675294799714265,0.39858041358651275,1.828142504910392e-305,1.6073399001932893,1.2087594866067766,Neuron
Tubb6,-0.009780752735150444,-0.0017336296276286775,0.22831534274033602,-0.033313134283623244,-0.0669067369052246,-0.09198663313052761,-0.03204849285164662,-0.01110850010746578,-0.02111093622230076,0.25514604167152016,0.0,0.2879238134206461,0.032777771749125925,Neuron
Ucn,-0.029154975731695728,-0.016406692993169797,0.14176772119357725,-0.013143677344875435,-0.01903138713233892,-0.04514700870844838,-0.03086820628887198,-0.009142575507905188,-0.020957369628035145,0.18006013593352568,5.284193520890353e-298,0.18207326987597605,0.0020131339424503767,Neuron
Vgf,-0.07756484135886059,-0.07866292115365567,0.5357453650823749,-0.05023993708447708,-0.13910958566496506,-0.13943517275601744,-0.08263051443208061,-0.03295709725204291,-0.04925490407621161,0.45459420831176384,0.0,0.8217265914679354,0.3671323831561715,Neuron
