dataset,method,energy_distance_mean,energy_distance_std,mean_marginal_w1_mean,mean_marginal_w1_std,mmd_mean,mmd_std,mean_shift_l2_mean,mean_shift_l2_std,ot_sinkhorn_mean,ot_sinkhorn_std
GSE141259,scvelo_official,1.9372202266439693,0.17280617108901822,0.9072983479864313,0.014420095175899325,0.01937066732595358,0.0014819381443045667,6.204965353012085,0.3364541159193398,133.65986124674478,8.567649818275049
GSE141259,wot_official,2.1634788842984567,0.03080780398956228,0.9254130633348566,0.018014307086455482,0.04004083992913362,0.0009708155640034017,5.765124956766765,0.061453739677427344,86.65006510416667,0.17102443449815927
GSE141259,our_model,6.256650143737242,0.4284780524223417,1.7347945405120617,0.03501424752633285,0.22374948610862092,0.014142594964930888,8.492687384287516,0.4015431473834206,162.0367660522461,2.998999028192324
GSE155622,our_model,3.149608616195908,0.03178987234029899,1.43229588218943,0.010173532419742629,0.15037740021944043,0.0008214455419412361,5.453070958455403,0.09227881391945547,121.70722961425781,0.9417134387387094
GSE155622,wot_official,6.410714406191098,0.5231404550777693,1.4301804384931216,0.044729986640929545,0.06495737594862773,0.0025965619233528814,11.868797461191813,0.6198862513299673,143.00218200683594,13.834617612699198
GSE155622,scvelo_official,34.885081155655435,2.939014371601554,8.314687387058889,0.3407536745241176,0.06041772415240602,0.0036012641756505907,39.055198987325035,2.037842813953773,4462.58768971761,405.98026635698915
HGSOC,scvelo_official,2.6620034371338472,0.17276326521308463,1.067267222362949,0.04567529520200259,0.03514196847875906,0.0014159309839764781,7.1000105539957685,0.30613252407328073,128.0201212565104,6.112773539296718
HGSOC,wot_official,4.700722196067464,0.18670056498561213,1.2042272502544622,0.025986850621313125,0.06542707979679106,0.0016571804101947452,9.336681365966797,0.3160113715383477,134.29513549804688,3.3806416130400434
HGSOC,our_model,12.628490293016215,0.32682811383637256,2.633826215619728,0.035134552624892255,0.5025041302045187,0.009610830362270003,9.968770980834961,0.2175496043304372,211.47989908854166,4.086872262306084
