dataset,method,energy_distance_mean,energy_distance_std,energy_centered_mean,energy_centered_std,gauss_w2_mean_mean,gauss_w2_mean_std,gauss_w2_cov_mean,gauss_w2_cov_std,mean_shift_l2_mean,mean_shift_l2_std,var_ratio_mean,var_ratio_std,energy_ae_floor_mean,energy_ae_floor_std,energy_minus_ae_floor_mean,energy_minus_ae_floor_std,mean_marginal_w1_mean,mean_marginal_w1_std,mmd_mean,mmd_std,ot_sinkhorn_mean,ot_sinkhorn_std,mdc_mean,mdc_std,vpa_mean,vpa_std,lift_energy_mean,lift_energy_std,lift_w1_mean,lift_w1_std,lift_l2_mean,lift_l2_std,lift_ae_energy_mean,lift_ae_energy_std,lift_ae_w1_mean,lift_ae_w1_std,lift_ae_l2_mean,lift_ae_l2_std,tif_mean,tif_std,ttc_module_spearman_mean,ttc_module_spearman_std,module_mdc_mean,module_mdc_std,hec_mean,hec_std
GSE141259,scvelo_official,2.0465961247669155,0.17455781398516593,0.262162423132312,0.017878050279549078,52.32822990965576,5.157861022467513,108.2894098895029,17.503691072116514,6.752517461776733,0.3704279369135908,1.4849957035687604,0.13835906906513445,5.977251756523043,0.2091678235077846,-3.930655631756128,0.3651536837933903,0.8075454619878933,0.026097704355024853,0.01577848397816215,0.0011821224315310234,222.95387268066406,16.894434707052582,0.30298077557595376,0.012323807042604731,0.3511406958074483,0.01104088214397531,0.6495050557679463,0.041701771636562926,-0.21767506061262595,0.03468533637475566,0.7670110464096069,0.11273229911980892,4.704719942303253,0.33521987001084186,0.696003851596844,0.027829158566205495,2.7945611476898193,0.09167645038947411,0.899396572777802,0.027235522575997085,0.0,0.0,0.2898824423023449,0.3642396488618964,0.9999960462252299,5.497969826419535e-07
GSE141259,wot_official,2.2222620898465046,0.03491342922558493,0.760954314098166,0.0194629393507206,35.730547537378364,1.2335817474009199,51.015382845307194,2.1782676411211788,5.915499607721965,0.0751547616568764,0.7331226218279757,0.00731309316081695,5.977251756523043,0.2091678235077846,-3.7549896666765386,0.1750014833693362,0.756226064436556,0.01386885125640518,0.03832175132508075,0.0005841249077925988,130.3736572265625,0.3187507352518459,0.5279329947174237,0.03452140895186806,0.4850849044582322,0.00523581430487383,0.4738390906883569,0.16500324662034835,-0.16635566306128863,0.013184423214809199,1.6040289004643757,0.33159648242110207,4.529053977223664,0.48401993754391603,0.7473232491481814,0.019078816636073952,3.6315790017445884,0.4186955389880425,0.7981963383803153,0.0619827585474088,1.0,0.0,0.9478308634113858,0.08692867987329714,0.9999975264072418,7.884953353001448e-08
GSE141259,our_model,6.187884841816504,0.4376309978384002,2.949350088243369,0.14345031434264038,75.88545536870309,6.677109881931243,270.814277179116,7.157779255585371,8.696697076161703,0.38046619686887084,1.2088534055228035,0.044251323282377616,5.977251756523043,0.2091678235077846,0.21063308529346028,0.53660668441627,1.4716826482870238,0.027583694805461637,0.22003817558288574,0.014336190534021324,196.48314158121744,3.1371675505578294,0.16651188313363155,0.011589236281838382,0.5122711334204123,0.004408444857802536,-3.491783661281642,0.33926816991069136,-0.8818122469117565,0.031245749474111538,-1.1771685679753625,0.18825147659508298,0.5634312252536647,0.03760489588581961,0.03186666529771342,0.0005120570234065248,0.8503815333048502,0.02598969028882387,0.8895994381774819,0.0028285507799871604,1.0,0.0,0.6485477676852469,0.009426127618261736,0.9999973376592002,3.4412757714036146e-08
GSE155622,our_model,3.0828848738216625,0.01834001351597984,1.9448109192588436,0.04069679152309039,30.330270450158554,1.0333994089043144,201.84634323165935,2.5521072912070997,5.4995317459106445,0.08522262825462576,1.146051438037107,0.026554083717570686,2.7955823218261266,0.07172281837973658,0.2873025519955359,0.06314938649950469,1.1703279455813114,0.009511504422981302,0.14860786249240235,0.0011552484646113275,138.97668965657553,1.0019034354634233,0.6628082287147076,0.02268896454803026,0.6159377355088126,0.0273194063526145,-0.6973370387917974,0.0592144228692916,-0.5529627369093838,0.004898365812435812,1.5221695105234783,0.21958957914648847,0.041355353445272365,0.009105031469294412,0.0024443909548273455,0.000652229616953378,0.049298524856567334,0.01846419084598474,0.9432264353194936,0.0008487561770975096,1.0,0.0,0.9629203990184445,0.0028031077786607136,0.9999874532222748,2.9802322387695312e-08
GSE155622,wot_official,6.045821230957512,0.4973179864029353,0.34805070333016924,0.04942468126390997,152.5681128665085,16.758779230682297,64.62428731051891,8.572269554789893,12.040710926055908,0.6125709775165158,0.76279017108665,0.024092894726662806,2.7955823218261266,0.07172281837973658,3.250238909131385,0.5531243170348795,0.9950235972792764,0.0318243476031739,0.04965023572246232,0.0018277872436615792,172.0251922607422,13.82486215582233,0.331581601444392,0.00698713092772203,0.3980900791952018,0.010328654250458846,-3.6602733959276463,0.43645480484228466,-0.3776583886073488,0.024407152166366526,-5.019009669621785,0.4774834502087294,-2.9215810036905765,0.4879684066755513,0.17774873925686238,0.02271285253183363,-6.491880655288696,0.6751040325139828,0.9717677469286815,0.007209067972105108,0.25,0.0,0.27090144052602244,0.06062362387541649,0.999987373749415,4.55237994060019e-08
GSE155622,scvelo_official,41.243301049822854,2.6554716579117756,18.160322872940664,1.30454581362381,3107.7510485249386,265.5593439951301,10979.237836612825,1079.865687716693,45.185234228769936,1.8110861111169185,32.265294623383525,2.54352312527228,2.7955823218261266,0.07172281837973658,38.44771872799672,2.594689357224914,7.796091261909273,0.3038599882962154,0.050434608943760346,0.0027780557902044286,7605.420435587565,653.0065739253326,0.1412235979303397,0.026460438426278092,0.1698069327716026,0.011862271999308997,-38.857753214792986,2.7137492620489336,-7.178726053237345,0.3030261028219248,-38.163532972335815,1.9447401311466683,-38.119060822555916,2.661411766395301,-6.623318925373134,0.3084687589647873,-39.636403958002724,1.7557873275756866,0.8987992464008109,0.017334037285736043,0.0,0.25,0.01405439003118536,0.07026138333843872,0.9999693135420481,5.797324163836902e-06
HGSOC,scvelo_official,2.628708109427984,0.1789246956608375,1.016109492200716,0.0489978035243769,54.11342235408398,4.7753543239819365,110.68259245949605,6.74672561516046,7.351484457651774,0.3219852063641372,0.981232820599089,0.022153240689689907,13.661889066382448,0.15378379110367082,-11.033180956954466,0.29731580111332423,0.7996802119650052,0.0365420747750983,0.029906487713257435,0.00120626298808632,167.4891103108724,6.315692159487808,0.5149765437666031,0.040681930415628474,0.39672682317250124,0.007303670925587004,0.28295144126789984,0.049818493782383684,0.1063147487907055,0.013417491799741055,0.6077507336934408,0.07509027037599839,12.346180409069236,0.2457866393200015,1.446519296668998,0.021856830326044532,5.142873922983806,0.30982954772763605,0.9247727868390604,0.03483509094691787,1.0,0.0,0.6758222239265433,0.2514680191698868,0.9998645782470703,2.3841857905992914e-07
HGSOC,wot_official,4.878660810709793,0.20673708123876752,2.1565753498424307,0.04258009006532964,91.09996044079593,6.1685567324424895,111.25960178935429,2.33218339352301,9.540930112202963,0.32552109506777954,0.6342309259854173,0.010556834056450385,13.661889066382448,0.15378379110367082,-8.783228255672656,0.23490084101335024,0.9859071265885678,0.02929431489591701,0.0643141244848569,0.0013998129332758388,162.96075439453125,3.4672604316750664,-0.059120651911567436,0.038494513294634256,0.5856187536473333,0.01932250379391317,-1.9670012600139088,0.11265853401725558,-0.07991216583285721,0.015525472408661317,-1.5816949208577473,0.2873587910514527,10.096227707787428,0.11585897448784822,1.2602923820454348,0.011738454913819576,2.953428268432617,0.1316988436711784,0.9654856873409973,0.02914483039328653,-0.5,0.0,-0.8000019023955008,0.04917671432060084,0.9998648961385092,1.8209519756646834e-07
HGSOC,our_model,14.98017561934384,0.3222035495869624,8.54058819673249,0.1636408480828672,156.03881358955002,5.000856655432804,366.392973593237,2.9621938787315707,12.490477561950684,0.20049672854241143,0.1403087740183578,0.004167300982380475,13.661889066382448,0.15378379110367082,1.3182865529613927,0.3252786473572841,2.2476751452534813,0.028635659692889923,0.515947143236796,0.009378263594667504,263.20294189453125,3.8732979284802487,0.2854433066851516,0.02169419260657213,0.6479524590939564,0.008934183329607272,-12.068516068647957,0.19618203929151737,-1.3416801844977708,0.02086526643418792,-4.53124237060547,0.3058097101540411,-0.0052871008466202326,0.0004421049231109026,-0.0014756366194785334,0.00031553398217096576,0.0038808186848957997,0.0014783429512908147,0.7019742749320385,0.0022473710843323794,-0.5,0.0,-0.6354292987754211,0.08789841012989268,0.9998639424641927,1.8209519756646834e-07
